{
  "packages/api-types/src/index.ts": 1777629293.3786805,
  "apps/web/tailwind.config.ts": 1777629293.37831,
  "apps/web/vite.config.ts": 1777629293.3784041,
  "apps/web/postcss.config.js": 1777629293.377421,
  "apps/web/src/main.tsx": 1777629293.3778331,
  "apps/web/src/vite-env.d.ts": 1777629293.378265,
  "apps/web/src/lib/queries.ts": 1777629293.3777778,
  "apps/web/src/lib/api.ts": 1777629293.3776784,
  "apps/web/src/lib/auth.ts": 1777629293.3777292,
  "apps/web/src/routes/index.tsx": 1777629293.378097,
  "apps/web/src/routes/__root.tsx": 1777629293.377917,
  "apps/web/src/routes/login.tsx": 1777629293.3781486,
  "apps/web/src/routes/_authed.tsx": 1777629293.377964,
  "apps/web/src/routes/_authed/dashboard.tsx": 1777629293.378049,
  "apps/bridge/tests/__init__.py": 1777629293.3757124,
  "apps/bridge/tests/test_smoke.py": 1777629293.3757737,
  "apps/bridge/src/bridge/__init__.py": 1777629293.375134,
  "apps/bridge/src/bridge/__main__.py": 1777629293.3751929,
  "apps/bridge/src/bridge/lifecycle/__init__.py": 1777629293.3756473,
  "apps/bridge/src/bridge/agent/__init__.py": 1777629293.3752515,
  "apps/bridge/src/bridge/agent/tools/__init__.py": 1777629293.3753266,
  "apps/bridge/src/bridge/lib/env.py": 1777629293.3755395,
  "apps/bridge/src/bridge/lib/__init__.py": 1777629293.3754718,
  "apps/bridge/src/bridge/lib/logger.py": 1777629293.3755925,
  "apps/bridge/src/bridge/git/__init__.py": 1777629293.3754025,
  "apps/orchestrator/tests/conftest.py": 1777629293.3770535,
  "apps/orchestrator/tests/test_auth.py": 1777629293.3771548,
  "apps/orchestrator/tests/__init__.py": 1777629293.3769932,
  "apps/orchestrator/tests/test_health.py": 1777629293.3772047,
  "apps/orchestrator/src/orchestrator/__init__.py": 1777629293.376057,
  "apps/orchestrator/src/orchestrator/app.py": 1777629293.3761156,
  "apps/orchestrator/src/orchestrator/main.py": 1777629293.3764267,
  "apps/orchestrator/src/orchestrator/middleware/auth.py": 1777629293.376568,
  "apps/orchestrator/src/orchestrator/middleware/__init__.py": 1777629293.3764958,
  "apps/orchestrator/src/orchestrator/lib/env.py": 1777629293.3763263,
  "apps/orchestrator/src/orchestrator/lib/__init__.py": 1777629293.3762639,
  "apps/orchestrator/src/orchestrator/lib/logger.py": 1777629293.3763733,
  "apps/orchestrator/src/orchestrator/jobs/__init__.py": 1777629293.3761694,
  "apps/orchestrator/src/orchestrator/routes/auth.py": 1777629293.3767407,
  "apps/orchestrator/src/orchestrator/routes/me.py": 1777629293.3767939,
  "apps/orchestrator/src/orchestrator/routes/__init__.py": 1777629293.3766325,
  "apps/orchestrator/src/orchestrator/services/__init__.py": 1777629293.3768604,
  "apps/orchestrator/src/orchestrator/ws/__init__.py": 1777629293.3769338,
  "python_packages/agent_config/tests/__init__.py": 1777629293.3798187,
  "python_packages/agent_config/tests/test_smoke.py": 1777629293.3798926,
  "python_packages/agent_config/src/agent_config/__init__.py": 1777629293.3796391,
  "python_packages/agent_config/src/agent_config/dev_agent/__init__.py": 1777629293.3796995,
  "python_packages/repo_introspection/tests/__init__.py": 1777629293.381476,
  "python_packages/repo_introspection/tests/test_smoke.py": 1777629293.3815289,
  "python_packages/repo_introspection/src/repo_introspection/__init__.py": 1777629293.3813863,
  "python_packages/github_integration/tests/__init__.py": 1777629293.381099,
  "python_packages/github_integration/tests/test_smoke.py": 1777629293.3811557,
  "python_packages/github_integration/src/github_integration/__init__.py": 1777629293.38099,
  "python_packages/shared_models/tests/__init__.py": 1777629293.3823674,
  "python_packages/shared_models/tests/test_smoke.py": 1777629293.3824203,
  "python_packages/shared_models/src/shared_models/user.py": 1777629293.3822584,
  "python_packages/shared_models/src/shared_models/__init__.py": 1777629293.3821807,
  "python_packages/shared_models/src/shared_models/wire_protocol/__init__.py": 1777629293.3823075,
  "python_packages/sandbox_provider/tests/__init__.py": 1777629293.3818927,
  "python_packages/sandbox_provider/tests/test_smoke.py": 1777629293.3819494,
  "python_packages/sandbox_provider/src/sandbox_provider/interface.py": 1777629293.3818033,
  "python_packages/sandbox_provider/src/sandbox_provider/__init__.py": 1777629293.3817513,
  "python_packages/db/tests/__init__.py": 1777629293.3806133,
  "python_packages/db/tests/test_smoke.py": 1777629293.3806934,
  "python_packages/db/src/db/connect.py": 1777629293.3802445,
  "python_packages/db/src/db/__init__.py": 1777629293.3801866,
  "python_packages/db/src/db/models/user.py": 1777629293.3805194,
  "python_packages/db/src/db/models/session.py": 1777629293.380468,
  "python_packages/db/src/db/models/__init__.py": 1777629293.380395,
  "scaffold.md": 1777629293.382508,
  "TESTING.md": 1777629293.3747842,
  "README.md": 1777629293.3746634,
  "CONTRIBUTING.md": 1777629293.374594,
  "slice1.md": 1777629293.3826046,
  "CLAUDE.md": 1777629293.3745165,
  "apps/web/index.html": 1777629293.3773315
}