{
  "packages/api-types/generated/schema.d.ts": 1777710960.8199997,
  "packages/api-types/generated/wire.d.ts": 1777703292.4290733,
  "packages/api-types/packages/api-types/generated/schema.d.ts": 1777650660.659249,
  "packages/api-types/src/index.ts": 1777703303.5304341,
  "apps/web/tailwind.config.ts": 1777629293.37831,
  "apps/web/vite.config.ts": 1777631596.7016404,
  "apps/web/postcss.config.js": 1777629293.377421,
  "apps/web/src/main.tsx": 1777629293.3778331,
  "apps/web/src/vite-env.d.ts": 1777629293.378265,
  "apps/web/src/routeTree.gen.ts": 1777703373.8659506,
  "apps/web/src/components/SandboxPanel.tsx": 1777714066.854345,
  "apps/web/src/hooks/useTaskStream.ts": 1777703354.2470362,
  "apps/web/src/lib/queries.ts": 1777656721.371863,
  "apps/web/src/lib/sandbox.ts": 1777663422.9058313,
  "apps/web/src/lib/repos.ts": 1777662542.390367,
  "apps/web/src/lib/api.ts": 1777662542.3893514,
  "apps/web/src/lib/wire.ts": 1777703332.120516,
  "apps/web/src/lib/auth.ts": 1777646966.876408,
  "apps/web/src/routes/index.tsx": 1777629293.378097,
  "apps/web/src/routes/__root.tsx": 1777629293.377917,
  "apps/web/src/routes/login.tsx": 1777662542.3900487,
  "apps/web/src/routes/_authed.tsx": 1777629293.377964,
  "apps/web/src/routes/_authed/dashboard.tsx": 1777713064.914682,
  "apps/web/src/routes/_authed/repos/index.tsx": 1777662542.3908317,
  "apps/web/src/routes/_authed/repos/connect.tsx": 1777662542.3942173,
  "apps/web/src/routes/_authed/tasks/$taskId.tsx": 1777703382.3550956,
  "apps/bridge/tests/__init__.py": 1777629293.3757124,
  "apps/bridge/tests/test_smoke.py": 1777629293.3757737,
  "apps/bridge/src/bridge/__init__.py": 1777629293.375134,
  "apps/bridge/src/bridge/__main__.py": 1777629293.3751929,
  "apps/bridge/src/bridge/lifecycle/__init__.py": 1777629293.3756473,
  "apps/bridge/src/bridge/agent/__init__.py": 1777629293.3752515,
  "apps/bridge/src/bridge/agent/tools/__init__.py": 1777629293.3753266,
  "apps/bridge/src/bridge/lib/env.py": 1777629293.3755395,
  "apps/bridge/src/bridge/lib/__init__.py": 1777629293.3754718,
  "apps/bridge/src/bridge/lib/logger.py": 1777629293.3755925,
  "apps/bridge/src/bridge/git/__init__.py": 1777629293.3754025,
  "apps/orchestrator/tests/test_repos.py": 1777652614.9719026,
  "apps/orchestrator/tests/conftest.py": 1777707749.9411366,
  "apps/orchestrator/tests/test_provider_startup.py": 1777659452.6505136,
  "apps/orchestrator/tests/test_auth.py": 1777704046.9658165,
  "apps/orchestrator/tests/test_reset_checkpoint.py": 1777714718.1113393,
  "apps/orchestrator/tests/test_internal_inject.py": 1777704082.4284697,
  "apps/orchestrator/tests/__init__.py": 1777629293.3769932,
  "apps/orchestrator/tests/test_ws_web.py": 1777704278.1126702,
  "apps/orchestrator/tests/test_sandbox.py": 1777714931.6646733,
  "apps/orchestrator/tests/test_health.py": 1777649515.633547,
  "apps/orchestrator/tests/test_event_store.py": 1777707945.5710652,
  "apps/orchestrator/tests/test_task_fanout.py": 1777704293.5719967,
  "apps/orchestrator/tests/test_reconciliation.py": 1777707660.1899137,
  "apps/orchestrator/src/orchestrator/__init__.py": 1777629293.376057,
  "apps/orchestrator/src/orchestrator/app.py": 1777707437.1628609,
  "apps/orchestrator/src/orchestrator/main.py": 1777629293.3764267,
  "apps/orchestrator/src/orchestrator/middleware/auth.py": 1777629293.376568,
  "apps/orchestrator/src/orchestrator/middleware/__init__.py": 1777629293.3764958,
  "apps/orchestrator/src/orchestrator/lib/env.py": 1777703056.063785,
  "apps/orchestrator/src/orchestrator/lib/__init__.py": 1777629293.3762639,
  "apps/orchestrator/src/orchestrator/lib/logger.py": 1777629293.3763733,
  "apps/orchestrator/src/orchestrator/lib/provider_factory.py": 1777659690.7182598,
  "apps/orchestrator/src/orchestrator/lib/redis_client.py": 1777656439.1245356,
  "apps/orchestrator/src/orchestrator/jobs/__init__.py": 1777629293.3761694,
  "apps/orchestrator/src/orchestrator/routes/auth.py": 1777662542.396211,
  "apps/orchestrator/src/orchestrator/routes/internal.py": 1777704351.1959534,
  "apps/orchestrator/src/orchestrator/routes/deps.py": 1777707297.5282507,
  "apps/orchestrator/src/orchestrator/routes/me.py": 1777642575.803343,
  "apps/orchestrator/src/orchestrator/routes/__init__.py": 1777629293.3766325,
  "apps/orchestrator/src/orchestrator/routes/repos.py": 1777709233.8514304,
  "apps/orchestrator/src/orchestrator/routes/sandbox.py": 1777716541.0508313,
  "apps/orchestrator/src/orchestrator/services/reconciliation.py": 1777715633.802174,
  "apps/orchestrator/src/orchestrator/services/__init__.py": 1777629293.3768604,
  "apps/orchestrator/src/orchestrator/services/sandbox_manager.py": 1777714915.4073267,
  "apps/orchestrator/src/orchestrator/services/event_store.py": 1777704320.3685918,
  "apps/orchestrator/src/orchestrator/ws/web.py": 1777704198.1304376,
  "apps/orchestrator/src/orchestrator/ws/__init__.py": 1777629293.3769338,
  "apps/orchestrator/src/orchestrator/ws/task_fanout.py": 1777704210.1875458,
  "python_packages/agent_config/tests/__init__.py": 1777629293.3798187,
  "python_packages/agent_config/tests/test_smoke.py": 1777629293.3798926,
  "python_packages/agent_config/src/agent_config/__init__.py": 1777629293.3796391,
  "python_packages/agent_config/src/agent_config/dev_agent/__init__.py": 1777629293.3796995,
  "python_packages/repo_introspection/tests/test_runtimes.py": 1777707590.585661,
  "python_packages/repo_introspection/tests/__init__.py": 1777629293.381476,
  "python_packages/repo_introspection/tests/test_smoke.py": 1777629293.3815289,
  "python_packages/repo_introspection/tests/test_package_manager.py": 1777650909.5521815,
  "python_packages/repo_introspection/tests/test_commands.py": 1777652581.4380777,
  "python_packages/repo_introspection/tests/test_system_packages.py": 1777707610.52429,
  "python_packages/repo_introspection/tests/test_language.py": 1777650830.9628448,
  "python_packages/repo_introspection/src/repo_introspection/system_packages.py": 1777708071.2571046,
  "python_packages/repo_introspection/src/repo_introspection/package_manager.py": 1777650421.6381257,
  "python_packages/repo_introspection/src/repo_introspection/runtimes.py": 1777708071.2569227,
  "python_packages/repo_introspection/src/repo_introspection/__init__.py": 1777650724.26302,
  "python_packages/repo_introspection/src/repo_introspection/github_source.py": 1777650724.2930324,
  "python_packages/repo_introspection/src/repo_introspection/orchestrate.py": 1777707163.28606,
  "python_packages/repo_introspection/src/repo_introspection/language.py": 1777650404.4034095,
  "python_packages/repo_introspection/src/repo_introspection/commands.py": 1777652434.4618554,
  "python_packages/github_integration/tests/__init__.py": 1777629293.381099,
  "python_packages/github_integration/tests/test_smoke.py": 1777629293.3811557,
  "python_packages/github_integration/src/github_integration/client.py": 1777643165.3185558,
  "python_packages/github_integration/src/github_integration/__init__.py": 1777642630.1553037,
  "python_packages/github_integration/src/github_integration/exceptions.py": 1777643173.126359,
  "python_packages/shared_models/tests/__init__.py": 1777629293.3823674,
  "python_packages/shared_models/tests/test_smoke.py": 1777629293.3824203,
  "python_packages/shared_models/src/shared_models/user.py": 1777642562.6457906,
  "python_packages/shared_models/src/shared_models/__init__.py": 1777706870.8813589,
  "python_packages/shared_models/src/shared_models/sandbox.py": 1777710848.8581324,
  "python_packages/shared_models/src/shared_models/introspection.py": 1777706855.7472441,