{
  "packages/api-types/generated/schema.d.ts": 1777652638.3053896,
  "packages/api-types/packages/api-types/generated/schema.d.ts": 1777650660.659249,
  "packages/api-types/src/index.ts": 1777629293.3786805,
  "apps/web/tailwind.config.ts": 1777629293.37831,
  "apps/web/vite.config.ts": 1777631596.7016404,
  "apps/web/postcss.config.js": 1777629293.377421,
  "apps/web/src/main.tsx": 1777629293.3778331,
  "apps/web/src/vite-env.d.ts": 1777629293.378265,
  "apps/web/src/routeTree.gen.ts": 1777646375.9793894,
  "apps/web/src/lib/queries.ts": 1777647564.7703693,
  "apps/web/src/lib/repos.ts": 1777652676.1366334,
  "apps/web/src/lib/api.ts": 1777629293.3776784,
  "apps/web/src/lib/auth.ts": 1777646966.876408,
  "apps/web/src/routes/index.tsx": 1777629293.378097,
  "apps/web/src/routes/__root.tsx": 1777629293.377917,
  "apps/web/src/routes/login.tsx": 1777636869.5340264,
  "apps/web/src/routes/_authed.tsx": 1777629293.377964,
  "apps/web/src/routes/_authed/dashboard.tsx": 1777652779.1695004,
  "apps/web/src/routes/_authed/repos/index.tsx": 1777646424.3847988,
  "apps/web/src/routes/_authed/repos/connect.tsx": 1777647647.3484592,
  "apps/bridge/tests/__init__.py": 1777629293.3757124,
  "apps/bridge/tests/test_smoke.py": 1777629293.3757737,
  "apps/bridge/src/bridge/__init__.py": 1777629293.375134,
  "apps/bridge/src/bridge/__main__.py": 1777629293.3751929,
  "apps/bridge/src/bridge/lifecycle/__init__.py": 1777629293.3756473,
  "apps/bridge/src/bridge/agent/__init__.py": 1777629293.3752515,
  "apps/bridge/src/bridge/agent/tools/__init__.py": 1777629293.3753266,
  "apps/bridge/src/bridge/lib/env.py": 1777629293.3755395,
  "apps/bridge/src/bridge/lib/__init__.py": 1777629293.3754718,
  "apps/bridge/src/bridge/lib/logger.py": 1777629293.3755925,
  "apps/bridge/src/bridge/git/__init__.py": 1777629293.3754025,
  "apps/orchestrator/tests/test_repos.py": 1777652614.9719026,
  "apps/orchestrator/tests/conftest.py": 1777649757.5365677,
  "apps/orchestrator/tests/test_auth.py": 1777642810.57719,
  "apps/orchestrator/tests/__init__.py": 1777629293.3769932,
  "apps/orchestrator/tests/test_health.py": 1777649515.633547,
  "apps/orchestrator/src/orchestrator/__init__.py": 1777629293.376057,
  "apps/orchestrator/src/orchestrator/app.py": 1777653058.0761435,
  "apps/orchestrator/src/orchestrator/main.py": 1777629293.3764267,
  "apps/orchestrator/src/orchestrator/middleware/auth.py": 1777629293.376568,
  "apps/orchestrator/src/orchestrator/middleware/__init__.py": 1777629293.3764958,
  "apps/orchestrator/src/orchestrator/lib/env.py": 1777642737.3029704,
  "apps/orchestrator/src/orchestrator/lib/__init__.py": 1777629293.3762639,
  "apps/orchestrator/src/orchestrator/lib/logger.py": 1777629293.3763733,
  "apps/orchestrator/src/orchestrator/jobs/__init__.py": 1777629293.3761694,
  "apps/orchestrator/src/orchestrator/routes/auth.py": 1777647012.741502,
  "apps/orchestrator/src/orchestrator/routes/me.py": 1777642575.803343,
  "apps/orchestrator/src/orchestrator/routes/__init__.py": 1777629293.3766325,
  "apps/orchestrator/src/orchestrator/routes/repos.py": 1777652495.433359,
  "apps/orchestrator/src/orchestrator/services/__init__.py": 1777629293.3768604,
  "apps/orchestrator/src/orchestrator/ws/__init__.py": 1777629293.3769338,
  "python_packages/agent_config/tests/__init__.py": 1777629293.3798187,
  "python_packages/agent_config/tests/test_smoke.py": 1777629293.3798926,
  "python_packages/agent_config/src/agent_config/__init__.py": 1777629293.3796391,
  "python_packages/agent_config/src/agent_config/dev_agent/__init__.py": 1777629293.3796995,
  "python_packages/repo_introspection/tests/__init__.py": 1777629293.381476,
  "python_packages/repo_introspection/tests/test_smoke.py": 1777629293.3815289,
  "python_packages/repo_introspection/tests/test_package_manager.py": 1777650909.5521815,
  "python_packages/repo_introspection/tests/test_commands.py": 1777652581.4380777,
  "python_packages/repo_introspection/tests/test_language.py": 1777650830.9628448,
  "python_packages/repo_introspection/src/repo_introspection/package_manager.py": 1777650421.6381257,
  "python_packages/repo_introspection/src/repo_introspection/__init__.py": 1777650724.26302,
  "python_packages/repo_introspection/src/repo_introspection/github_source.py": 1777650724.2930324,
  "python_packages/repo_introspection/src/repo_introspection/orchestrate.py": 1777652442.571779,
  "python_packages/repo_introspection/src/repo_introspection/language.py": 1777650404.4034095,
  "python_packages/repo_introspection/src/repo_introspection/commands.py": 1777652434.4618554,
  "python_packages/github_integration/tests/__init__.py": 1777629293.381099,
  "python_packages/github_integration/tests/test_smoke.py": 1777629293.3811557,
  "python_packages/github_integration/src/github_integration/client.py": 1777643165.3185558,
  "python_packages/github_integration/src/github_integration/__init__.py": 1777642630.1553037,
  "python_packages/github_integration/src/github_integration/exceptions.py": 1777643173.126359,
  "python_packages/shared_models/tests/__init__.py": 1777629293.3823674,
  "python_packages/shared_models/tests/test_smoke.py": 1777629293.3824203,
  "python_packages/shared_models/src/shared_models/user.py": 1777642562.6457906,
  "python_packages/shared_models/src/shared_models/__init__.py": 1777652380.079141,
  "python_packages/shared_models/src/shared_models/introspection.py": 1777652371.9657903,
  "python_packages/shared_models/src/shared_models/github.py": 1777652399.0265353,
  "python_packages/shared_models/src/shared_models/wire_protocol/__init__.py": 1777629293.3823075,
  "python_packages/sandbox_provider/tests/__init__.py": 1777629293.3818927,
  "python_packages/sandbox_provider/tests/test_smoke.py": 1777629293.3819494,
  "python_packages/sandbox_provider/src/sandbox_provider/interface.py": 1777629293.3818033,
  "python_packages/sandbox_provider/src/sandbox_provider/__init__.py": 1777629293.3817513,
  "python_packages/db/tests/__init__.py": 1777629293.3806133,
  "python_packages/db/tests/test_smoke.py": 1777629293.3806934,
  "python_packages/db/src/db/mongo.py": 1777649743.7056205,
  "python_packages/db/src/db/__init__.py": 1777649764.4688952,
  "python_packages/db/src/db/collections.py": 1777649667.3873305,
  "python_packages/db/src/db/models/user.py": 1777649682.7110715,
  "python_packages/db/src/db/models/session.py": 1777649692.5426748,
  "python_packages/db/src/db/models/__init__.py": 1777642521.2996876,
  "python_packages/db/src/db/models/repo.py": 1777652409.9557939,
  "README.md": 1777643029.9254177,
  "AGENTS.md": 1777646133.3183854,
  "CLAUDE.md": 1777646145.746396,
  "docs/scaffold.md": 1777629293.382508,
  "docs/Contributions.md": 1777653137.385078,
  "docs/engineering.md": 1777635566.5886633,
  "docs/progress.md": 1777653126.6350927,
  "docs/agent_context.md": 1777653166.732059,
  "docs/TESTING.md": 1777634622.2991834,
  "docs/Plan.md": 1777648858.9972432,
  "docs/slice/slice3.md": 1777652851.6300995,
  "docs/slice/slice2.md": 1777642474.8657691,
  "docs/slice/slice1.md": 1777629293.3826046,
  "graphify-out/graph.html": 1777654504.417812,
  "graphify-out/GRAPH_REPORT.md": 1777654497.4382787,
  "apps/web/index.html": 1777629293.3773315
}